old_sha	new_sha
54f046f43f50f7c932f34eabbabbbe91ee520610	0e080dc4e4466bc5cdae27f0368481d12df48b9e
df33976b1bb3524dbb059a78a4c68339c49b1e43	a3f6963ee9000a7a4cd0677d71e6eb4c044c8c0a
780ee05d040797ea494d1b883668f6d91e85dad9	a677c9334c181a6a48c261b3033691d2b315751a
7d2ab7588db385177bd5802ddbb9bbc911bb8157	8fcebaf93053aea57cef5240c1f2f926276f71c8
fb720f723ec97d3f1c9bc77b55b1fbcb4578215f	6211ffacdbf6b3a1117e1e67601c34a5d7b006b6
ae9053a715d879c5a5299903abc793577c16d58a	3869c334fd1d2810a2aa87ef3c89da676106581c
f0434a4a4dc86240f8627e0db8bb1971d93e05ca	1aff3a73b9acc4b83310366cd2ced736e1b8826e
da8f8fe1d33c66145af1f8114ca761e0eae4bbc6	8bf150beb0a4312cf83b346e89fb143dd47f1a47
ec70a88d1442342d41f1beb6af4f79473c203b8e	19c328650a0abdaa7cb644620729ff18c5d05191
33c530002d336630512a43e65e0128cca7ac47d1	7696370d031076ef3f126e5fd7aaa317a6a12971
ac63c5658d669aff7c07ea1e7a661ba81dd2bf84	3b0e20e8a074740db1a3ffc496157080e6ee4709
cbe269c8375e069f34f8449cf89965fb18140e59	8e409f895da3125ab316e515ee481deec6ae3e6a
22051b7638772e447dd3db861ac8fb72e81b9ed8	cd48146d425d85e2289f859f973dae03869125d8
ab1b0e5f5dcc80b9bfb37c78a2137a818d8e1ca0	97caa234e63db3b4f36bc1abf7a2d9cf1dc0a917
c0f0f270ed9830dbfa7270f3c523159fd1781ad8	3642cd82369edb5a93487a1dc55d71fd471b6cb3
224a997b30c17a7027d5fb5f83acb03d5aa50896	a8d96e66a3151a800d7b92b878beade1a310a318
2bc50cc65de4821a46b6adf708fc8432e9b5d35b	29efebb0bdc8bbdc92f3f1b5d0efd067c396f92d
bb01e2ec1cc20a686014b4b3d1d87092c2fc33a7	2a98abffe5b8b9d1257e15a7a112c8be16a1dff2
df5a61ff3c2c27af1dfcf7a15b36b9781a8d45c2	476d4203dde63873bc5ae46675675d5c0abfbef8
43cfb212e9bd1b66489830d1579bfb73f60360ba	4253ba2583247f521e2ebd6b0ac33fb7a84769ef
dd70d4bf1f9c80ff0be1f1862dfcc16a327f009e	3f435512963e345838356888430272f570160473
c4503fe932d6ac2c47b0e4c446ca338cd185918a	2ca31f572bb0e526da966472dac56e9d2ee0867e
46327c775eb9b3acc858a70eb81ce3b1626c2822	b72bad58c1d29347d38fd05a5479209cf1aff701
90ab59d6594b8d00e11c79aeb8b989f80b04f954	3fb0e1057fa241329aa01519c347ce86bebcb204
7cafd073e0e9e26534f65a6d606b671accbb2789	3a73c12fd495f24e68a11c2f452dda90202a6033
aa616b38d039e7c50de1dcf2155f56ccdbdeb9d1	a98e7668bc6b086e50432846677758000f948f04
4a3df9116768ffd1bfd319c8b66343f373c35c50	5497675b2630d2f2727de0d0cb39ee1045dc80dc
f8d6a13bb1061310c515ba9b1fc4739bc20b8f26	ded943705a7f18457f12fe8698dfe329f4784002
467a90eb3557434d4af5bb8857444df4f9d792fc	cec29ce7e9b6580cca2f45b4d944f1eba76920a9
d8bb3db3356f67a829b8fefaf629bfe21fa00cae	99e023154478ada7b6b8c888a0a6a90e0bc57b04
9afd4f7bedc61c4c1aeb31f8921a589342884ae1	3908853c6f2fc7f155feaa257750dcfdfd739732
f9a110b398307ed71f444a3eaab5688c78b9749f	6c5a4b1f71172b506fa164f637950389f39d75a2
18bb56b7c6d4ab92b1e8325b76540abd42b3a7c7	279310629d606c9da38e48e48ef1c285a595c54a
98dfd0044144244fee6390384f27b36de0794154	739b3282dbab3a660585d91c7e9aeeac707a1f2e
462a22f1368f340591f3b2d40bd593c42c43fb54	7858d1780e3b26b07003a20700c63a5d4b384eb7
53f0fe1006abe01c0e00b16da20f8333be2a7894	58cd2b043ff0656fd6709915e7e4e492b9f0c621
2314514fc6fcd6399eea0a4d0ac7d929a0eac43b	03cc0d13599876645647a0846c440f660bc6411f
d01e4313f274247de5df14ffcd828cea2aa3ef29	53b10fbdfcc7890698d0a8b05d34a475556a5282
7e348b72f5a95491247d77334335ec2310cb3d09	ab614bef0f55dd3618c422a38f2c3b7b00f2b365
28404da3cdb3703dfbbd9fbc583e9575ead7bda6	f9aca6afa9ed03771a9e2c2f5c204e2d0996fc5e
8a4ddf009342d795a2772e1efde2d25e7f0478c5	39b0b713555da1b8d7e21eae91b987a5979fd07a
42e092daa191b0969372f5e732b6be30611762d8	2656a959e724375e941ee285258fd18a0c9426e7
b6884774c50a0d0d2cdaf93cbe94249a56a65523	7f9f3996fe05f2b17deea9f329ce92054f48f9dd
fe239ce04be6639d87092b83bd53df78f6f5de65	20f6f598b3d4420f9584840b14a5b874031b233b
0be32fc1cb783f5cbb457914c7873756d4249d1c	22360688b96013b6c440395b9030da253329ad96
8bbd38ad80b31456a531d2a116ffdd20e616c39d	4f58863710046e006e629a79f6f321d887d29d4c
796339324095a0c9f4f7c5a52eec3f19aa865f82	b6b4f3978837856df4436030a5f9bb829a107b06
a71329faec163815c0abec75c7b25f8bc989f779	9349b50ee93435a3752afa6fb32a2e79226ef75c
8c60ffb9cb059499c57cd31f6dac418e12779e6e	d65b3ec2c250beba3dfb8dca42ee8e374da51224
03e6964108e315fc8a35394c604fb5ca2f110ffb	a539c073c35ae8030394cf3183844546e70c675c
b304ca472ba42c87bf9167bfdcb94cc4cd78a612	56ab866cbaebe91a3ff97572012f68f8dfd88293
06ad7f34878d57bedc20f16cf68fd18910b49e37	e2abbf21f46ddae50e9d3bd1aa06764c78888bdf
0fe2807054d7cc26e546526004a31502a041e7fd	e14f4461b35dd815fcfee3e46ecc6c7afda20ef3
6c8c841a8504eb6bb32dd84e85ddb9f76a7ea1fb	e013cecce9e1957911fffaebcb41715e71c34583
406ee2a5c17c35ef6989cb092aa01202a5462ac8	e1df81665602a2a8c294c94be0dc552df60d9723
1c6681e119c4bb1117317ce7c6406224e0a7f683	9c1ecb7433d03028d69bf40564ae54b1db0ea065
37e5e613ba78e6c3338112d2950b3554fea569e8	b7603f44b40c9cd1af20fefcab96b4201ceaf589
2eb554a302fff864659fff3d8f5050a9a1bf594e	0586a3aaf97fcd008ce9f03bbe76fb8c62b267bf
0572196f5ad84d103224b90772923dbb5c3cebb5	c01edccd6ea53f29bf87b387a7f743c7bad02df0
42c38d37e6155dd1111086a108e710cfa55048f1	fd388509fe3810583b3929edf77795748a9527cd
46a309ba8319a0775f94af9f0756764daf6f4253	440b5527bc15dc1d960c0a9b8257e53e025838c4
035e7616c2042e2d5f3ca1b20686b57ceb261893	75236beb2d1286a4b3a54c0f7ee2c75d5a27ead8
9cb2251a5ef702beec80b83d29ebb6ffc5d0e474	3fe42ebf8963202a2d8ac4c08c0ed4e5aa100501
2f5a102486c448ba7288e629e9465478830039dc	4b04124ce9b34a5b2766ff2874b2e06e7e0d65c3
3478801aae9859a7c84a3f93d05d1b125afbea37	f029ef75c96b126f2822571510f8fc60f4ca7c9e
bccdb3376b6fb2dc0b72d60ebc1a8d185ea1405a	b7de1ea5f970b26cda96ba1263039e20e742ae94
677fc7790165f7cda00675795293b187ba7f930d	816ac0fd792c2a25c12e0ba86a2ae803bcc6796d
06b991bd08d6685011b17be2231d0eb8b725000a	e08656ead1c54f30d233e68b25e46972bced202a
8dfea82be829127ad6c4a804efd1debecb432c79	6de3d2ee34385061020ac9f9b66305bd5ca54735
9b0b5723f76d8d2da125d3aa4f29b6245e8278ad	a60f63fdae334ebe28748fa5936144bf4aed5915
0df88a44c40eca72b458a88357e66a6452d7223a	0720e1c7dc56aabc23a376fe7dd506a1279662a1
9312d0a1b47d282f38c2a8d3cd17a9203f21ae97	333454ae9faee617d3591277203c0627bdebbae7
7f4b140788b44b69cedb302fcd37d8d872e792ef	63105c90053360686be0b21004921e3d46b44202
dbc7fa4525404702bbf49dfd1a8c06ff7c9b5db0	476cff46595df8c077d5ba7bf91efc332bd7107f
adcb19b96b7ba99b49e9fbc8af0b36d1709023b3	cd553ec161b8b48fb84cf70ea4508350e6560280
7a247a347e310c58aa40fe26249a97c2df0a818d	bd06b69f397de0bf2e7c1b03c98ee894c2ae94a3
00627f52a4a446eb33b447d3184a8716c6a2c9d4	0c614c44bed91041d7c0f961a2898dc5fc8a2998
adce2a3dfba69e3e1625e455a4aad1dbb793b172	aa858e54e8246d852ac9137f98ff4e10e35f44ee
8d203211fc8706983c5630f26589054dedd0a192	a376ff851093822c9ce5b1dd44ce743fd529400e
3a20a542c2ef4c1a3871bb01f519911657d8f827	aa636253ca3af8258f7928ae0bc92ebc70aebbef
c85f04bbff7ca92fb84c9760e4853931eaea9167	0d92474f8aff902c78edd4b922b5e811ccacdf90
80edf9831a6c96a9234db7dba81b1e9c5e98b673	c5701622e2baf07b083eef3c5a0847f5fbc833c4
79bbfd652ca3c248448df3c162df493ebac1ad76	8707d5b54dd9e662bdb03f24cc9e5ed48ce3ec0d
eff0dca81d52f221cada3aa585ccda887cc352cd	4bddc65a3a69a939864571965f1c071fb098e379
fb3fc115cb3db2944350e16786c2cf69d4793bb5	1e7afb46e1a6f350e54a7af73cafa5d18bd77788
8118fb85b27761b3b0fbc4c544780a4f3a679818	8f00658807a61f138b7e8200b4ea350babdd8376
3e9a4f1e8e4113363f9aef08d6635b16a658c71b	2057362777e1e32c65ae558820f88d4d46c9ff0c
7ee264f666a541c46dd315414afcd738fca925de	80685cb395accc9afcdaf67a4c11e2382e6d0b42
387a0f7156ecb879b24a285e343d86d911cf5002	176d4ff8c944d1915d591408fe0a955c7534b141
db52495b46482bf807ee45ac3b62ca21c516783a	dd14f64f04a244fbf38613f4db12381159d86c71
efe60de44bb5290fd2f25ba3bfeda410e7de26a9	9728c1b1da44fa5c8837d01c7dda877a603f0073
ed742b2a6f6d8f6d44103e843c11e5207cc2a705	f6aaf39a5584868d86c1a5c6c8d1d0476787f3b4
85d3c7a2b95a084459f828447006505e0a3ebc0f	f0810ab5538ca85fbb88482ba4e191ca938cc6ec
b5e3d3912346646e22e2d02d2795bb88aa6e5c18	1d41ed954cc61ce866d8264ec8da1c1aff51d655
02cf8c3b1a93f1bdda96a3e960369bd45e3385e9	422d3ff1157f37599f8dc22898acde0be317964c
bbd2c5d2d7598f303d1dc1e879b404ac22d90b16	a79b453fb3ba0cb1e7186c666db34e5938fbe8c8
e4ab4f314da8806e363fe45ecda478ee3962fe0a	e17150bfc802b363a86cb27a92aaeafaf970717e
26d9acbb969aacfb713cab6d383388e172a650fc	7ff054872cc6fee2a9587797b5b30793cdfd3aef
83b06eeabd05ed749a1a5a98e30588cb7316f777	5366eab0ba0e2cff34b72be6df8873fb404394d6
1d4eb5dbefd951d492cc4785c0e98ab971b1c74c	985317b448ca66914878acb61237b5b3cb080f62
e8aa6a91c0f0c062e40c0efdc5353ad993951f13	b73647da45a9dc0d9673aca97c7aafa33bcdc749
fb4d8d2e395e2dad7ed288edc3d1d2e9b9e580b4	50057bf5a03c370acfbb5cad1ae9dd287ba7e438
752ea3d03eccb9e1e9c629889b73a3eacaf116f4	3113576b6e9f3a047568411dea175fdbc6c92035
e1c2d321ed77ac38f490a7c08fc29ae007e69492	d43eb9e06ea3d4dccf9fa207a7ac5839c3cd6681
da1d9d63683c2c223a45c79e304b10a2232b0d31	0dba14498d708f90e2998272fb190755e3144151
23c76bb99232d3c1a25f462a9d3e1d064a0389f0	0c553de80c824f2c4e929ec2633cc71bfc5c80d9
c7ffafe124ae3f1ada145673779f7b81ead65be1	acc6db52ae091f41d823b3bae40930b37983997f
4e5df9a12684a2be11397d1a9b5252fcc0d4af0a	d9203492ec38e9f99a0de6dc977b3ce0e5f25d3d
17884f6706b7170a354414b87c21626cf6b8cd3c	2c27019625741d515152676966d7ea23d5aa7ca4
476d1f12b57c921eca9a62aaf0bb580e563c4f0d	ff880acd762fa0d20ab3c6e7bb279cbfd987ce06
e06182d557793d509647d5c4d48d9ae8aefefe9e	2ffb8d079ab3538b6eb0fa773b4bb0e946aad33d
fe283125d3b088ac39f37f5b51dbf63514d566d8	fd04e49535318e7fedb9ac44158095df4e9e2125
b7173db79b1942384260b6ac06b58ff56c782264	570f8ce01a9ec570fb6c18634fe0bfd4e1ba7eb1
23f4811770756d658009ed4014c723d27d59aae3	0bbeadf30e484884ca4e6fb412d937262a4a34a1
c5641728f4380075b63d1395f63caaefa2f951d0	f91ab93c8361d7d29cab3d3fd3093f1adb276dd3
bd05c8b6a6e9d47fbd11d7471b015c130d85d44d	48338220364888d6d8ef4f4c3dddeee18b70eaf1
7525c3ef2f33e06bc345386b467a1acfdaf31bd7	99a598520e86f78ef4188e3c6541573966232056
877f1f9a7286ea4b41d00e41b02362f523cdc49d	6b7ca7223108d3269a4ba52f899070c43227525e
f2bfd929dcba56976e071c68777125a71952daac	d824b81a9a8dec346765c47641e49a47d2e15bd2
1e4a84b89ba701b5eba38cb10e25f7dbc1252e83	4868c5aed5eff717f4f6449a9c5b30ac5fa7903b
926b8145641f458003db8ac2623b051149387a37	cf12f9833b40af66fc00ac687db27af254b05b33
83125a48d6d850572e970d2b57a0a413071b9af6	1b8d7b0c06742fafc558ef4226f8f8c3562b5f12
21d89e3a28c777006ded4bdaaf62878957d73dc2	575b0cad558689fbf5739a4186e3755959faf8fc
e9208d70c946736561ef9d7b68e5635f3131ee70	5903d3c63fc67e942eda69c299fbbe1b34578123
d5ce18b84f217e9b53441b4575c99e28635625db	60511c1a21bd6a1537d49500f09949e6d5318d3a
866f1ae9f0b370041f90f918ccad2a87441f05cf	b3820edd19c0841e73f7a1043e2183cab5732bbb
6f3bf237ed9a71a895a4ab43c03fc13c2e6bfa36	83ef71add28e99366dec29328b19cd8db1effd57
1654ddb3d934f2ab969cf461ee8a50ad09ac1f38	f7e4e39ee760b10f9e7b9582c5f55739818dca7f
7daab27abdd42cbe78c461aa3889a32a2215b99f	c08a97d9242a0a2509923757386549a485996a09
37fd9c014c00f7d09c04d23ad7a74518357f7953	325bac249f6ccdd7f235d9e080c01d85f6e1e870
b4bcd8501994d5962e1e1d2420ea660e8d0ef705	387d1ae00936e4161bdca0a7f6609ab18e3bbff9
6b05d9437c6ea593eb182b37f9705fe60d7054a0	3d8ec2052bd3adb4cc65086868065a2a91bcfc4b
ccbe860c154aebf57a36ff7b2e56a8da2f92ee02	288eeea4da20128211fa5fd07edfe5b96b788d87
32ac50251bee63599a13903dcd4f216a6bc19551	1d3e129b442fc80de901974ff0ba4a6d41cac393
91a1097b689a071d85f67e944259cf48a08e75f5	dd08a1b3adcee1466c934b698ebf2732e85609d2
3f3bce33ca1865a51c70d417d2bb85e50772218f	b575b957c6bea31d775eff3d6778a3818763ceba
9d7a33488558a7f65f9206967771f5e60413e935	ae4991e23c225c2d9197006229f352a88cf29da0
7a1e44abe2b1f2f357e0ae0d3dae73efa9a45881	535cdc5acc396c6765edffc749717207ebcdea12
5bdf2470a4f98b6588f8eebb12e3004a61f3d521	a42dfc81bec9c6ab2b8aee1998029efba1544cbf
6e485922c44ee6d9124f0a58c737a2efaf073e8f	41a56bfe0de1d04e73df0fafa8e049e5f1ad8c29
b1f6a31c5eb7522508a94b3477e430557459c9cb	6d818d50c63cc20b632f1aecfb55e84283809c0c
19c5b634c1209b82a2b7b84380d729a179c304f0	077ba37add8b84afbd2de39c2d7a558637a735c5
dc86322394a7fcc400e4495542da484d5ffdc76e	284f8c599c4c3d8324b9e638ba44074935f43860
76b2fddd740ed80169d0ddff214dbb0b27c6b7b1	71d2f0404cba6a38d180c3ac0369ab3bb8732209
bb35478a1fe4cd3068d6175535df9be25124441a	cac7ec317f926333f09eada96730d02a10fd6cdf
214bc20857f01019152adbcbe6bce73e59a05f5d	66e6ec6cc0489287d68c3ac62a39a9869bf47b79
bbf25d38dc2091c887c95ad7d2a9b81330614267	e46d1528dfcf3c13c4b3098fcdedaf19f81baea3
c4dd714a46d8b77bf99d186ca2d35b663f6136af	e55d10ea1240d774be0217cea9011249220c2b93
b479efcdbb9e5c1bdab182acb7738497770d6c73	a31b1c334b4906fa98f247ecfe95a300142f538b
ba3ef875050b235236c17452d7ed9980be9916c5	15edeee52b107a4ad7d3216aa63e6d6a7c708e9f
64d59c3cb786e8dee8187e2aec09bfc76e0bf6be	fecb6b9538bbe4d9c6684a094ae50273e1226e03
79ad748d3d69e7f122ec74de58673dd9bd9bb75d	7310bf9c0e6f650a2f6467dfd6f6a0dff4f2b723
920874557c37453882ce3f5fe73a2d6b9e6baa8b	d9b2f61c928a8db34bc241130924d37ba3edffc6
4a0d7f02db87e1c8321b7d8e3b4c12b9f82e7211	61a05452394565d853b3ee331349a3bd4e33ebd8
8b03e482c5d5349e5d6c3a67399e53511410ead0	f5aab7719287ff779298979090cbaa52edbc8f6d
4f047db7a9ddbdfe0d9271bedcd8e543d716352e	44e4c9c407ccf43daeee710021ab2dcffe4c8b7d
6728c7d66774adf7ff58400b06b3e4c177241013	99435285e810adeca282abe46a9988edb6700b18
b4862e992d2aec8f4a1f2373867b4f17892290cd	5cd24c7b88decd098ae11f0aa9fcc3f80e729ae1
bbd48b7528fefb8445241b724d7c36c8f3e55be2	7d91bc6acb23a5a45e1b6fbd40fed61c9f78c8ec
0b4d12dcce2d7d97d82cb7e66213916703d810e3	77a7add3b4ee644783ae2be8bbd3ab00bf606c63
b1ce34276dd6470326e3a20d4c9ca510065ecd78	f4357c8334c70ec33b84d1805f490442f820ab28
19a5b23f101ed0697c9846257f04dfbf4da21872	18b4e4af52b05e76fc25bf2ebee4c9113a07fdd5
8981808090eeace31176a563c89bf8e2c502717f	f1e426b752fd2263bb750f5067485a594dafa2de
96239adff03943bae5d3572ae45cd451a0d41e40	a83f63dae16c27939c053571840e6d1d120775ea
7bd83ac6d7aae1af9e99458283c97634de9f7ab2	ca68a33304d51628a6c99b174430f985ebc79e8b
c523d774a6ccdf873229c6b8cc0407dc1ac2fe3d	e7925bf4da2db62006a5094562fab5e3fa3b68a2
068f0e1fcc14b0ebd0b6684603a4b90e964fa361	f3078c8ebe594e328ebaa68c5383bc091195650b
a4bc7699ba04ffb3e383f22d3eeba07968cd5e1e	54690d84d86fbd7f19cda8187fb8e5bc675b13b2
342f7f1bb6952ec2ef01ab6716247c3d9dcb0429	03206ccdc23fe46e9869a14b579dbf0709a28d5c
aa950614e6e16497155a42bd53458fbf0c8a6dcb	0cbee75fc84d1817d325c8eaddf6aeb55c8c6515
a05cb67ef11f606934f6f4d88f484b6727b166bf	befe3724fe944541dc4b3ef8d4ebad38f8470b01
6bdd836b8d92e4efe133fa244085689a5c27443e	35fb5dc2d18b0f94bae0fb01f471c5950b62f290
1efb3a4f6c2ee9f9ac77eb13c3afee2395924419	99183d7e72d8a8f44877ff4965c113e0577fe2f3
82bfcdd9ea00d4cfb7602aeb05502a0e97f5fc0d	bc460901d809d510649fa9bef6a7c819eb473f19
04687376161cc1f4c4c3651850d16c60b95e3f46	cc4270b280e4e222182359b661afbed83b0e7687
5d9a36c011e25b226ee2206764f87de3a3e0a324	5915bb1837fe3fdf4f11d741bde9fb8cbdbdbaba
2a46f5da1b6aa85943c5e640f9023c92e25a96e4	38e8480b285fbd105c9aaddc3d9b5c7eb247143d
96e5122e7cf682ac2b629044a53dec2f53cd36e1	a2a2bde99a8772656ef56d0ad0e82089b1a5123f
89edcaef59d2375c3b40bdbdb429071e2835dbfa	cb7aa42d46c58566005b5065997421aec5d3a2ad
c36c374c6127aec4638b45bd13209fc17158b6e0	86a67b3bc07c64a2a343caf98d3431dbbf081aeb
3db904a4a4da4cb8a80dd289a4d01eeb74f84290	93ec92a8762fb68f66e25033783870c3e7837773
f88a3d2e049c3acad503313b7f93c767c394636a	245eb25846a3f7e5dc6a1dea269d471921ab1440
b9e5c74238e59e373598e1c52e7c0e2658d581d5	2ec0da2b6f03b70cab8a412fa4cf39018622ba43
6332395bf063c80f9aed4ae7ca9d5071733261ee	cad23c9c6846ac613dfbab143f3cac7598aa554c
2cdac2e549577ed494d67fb517585f5366fbefd6	a278bbbbd77a16d41ec079986d8f5f7a2e4a4eb3
9857892a0f1943689a25d25e1b15b1c39ac07322	f70eb226bf2d2295cce88a66b279496a39ef6f83
14db39a473d5bb4222132966e36d83850012d0e3	0496d8980bc35904c6a56d1840af7373df9f15d7
a858b04b75592c7d41943409b3e9da7221669383	27dba6a98598973f8215157a6325d398581f443e
ceadd54b0be75a2a5c2b456954e1fb6b8e1d78fc	3e474eebaf4bfb795c557daa74656cf01d1ba010
41e9a1e49e2c4bbb31e5c9e30b3b1f86b835a0c6	1c4e8a783b634abb4c69b947815d0b45b0f9124d
99d29013d08fe89efac7c373e9bb957cebc89286	d757c915ffee5c143aee6ad9262b470edaa06dcd
aa910ebc30dc956e042ea17ae705264a1df6aca7	759c2249fc5eb8cc70a00c989bce3603f337a0d6
0464b4f6f19725c398212be60ea01e4f01b32cbd	f28c0220803f2240c19a37e9c155d590d55a8f75
4b160e3a5490924c4613916dc23adacacc2e432a	22230d4c7410ed13c510d7d10f135e60e806b91c
98f2c383aa9df8f809167306a7cf645cf98517ae	43f5c90c195511edcc29e887eef9b55b6f151e65
e0380c58090f4b231ca7e360e36519e51af78d31	546acb78d29e67e60aabc36a4be2fa54b31f71ff
4cb92e967a0d4c4ce1ed66284944932eaf8255bc	7a9eed09608922b0702628f4ee6a68d65d43e66b
5c7f50cd9e78f2ece02155acb57667a3a7c9e345	3ba12c1849ed2002878388178364038a221fcc07
e968cddc083499ccefb8359342ad2743d35beb89	e9ae4693a649ba99f1717929144b4eeb644bac86
7bf1fa730e0666900615fe70a5230e80eeefb9a7	d3958143c2019aa623705f9be4076e0baf7891a3
c2948fd5e75da0c42954c6e1b1f03e1e886ed633	44d3fbc68064ddf9556ff9073a7b6fdb9467a27b
e16fad206006ed85d2bdf39174549309e741d872	2f5bfec1c78790c232bf1c6344adbe0db04dc4ba
4d233db731280c850ab3cac977f966a6cb03666f	bbe205fca9bbc0ad3c73064e84796b10b15b3bc4
131a8e2ad9765a93235ad4858c1bf21f3771cb3d	fb712101f492eb8650768c3680d948c9cc642305
17d56e2ec558d3663b371a302a3a9a3bf6cd3b5a	1a6f2186a31b7eec42e87eccaccce513060fc724
26caaf624b3103dd40f5cc882bb71a873b19c518	c7d513cc726de134bf43bab1b71dc44158796351
1922e270bb238b993cd5c85f43b5dabfd1c6f682	4aaf2a81522a821bb81397d569e89789d89d05c9
0643df26782c1e77f7661992e71cad456c9c635a	547f31a521992c6aacb92da405d593a52da5f9fa
9974d6205036a61e34e1e2791af17e0275806733	eed3809cd1507a1985fd08f608d7f8205b7d20c4
5b7cc5bea4ea651238bbb49a93762864a0ef96bc	b8469588657ea97fcdfb1285906aaa695e2452e6
47585b395cabd50c8cc44077f9ef7d8e3cb63555	80b78e6ed5dd3783b65827bb40aaef8b5cd813a2
27d5c3059b01f6aabb5c0b8225966b17388316ad	57383b1f1644275d004a97508caf6ec40fc9d256
c7987cade942bd251a56f5ed42e2b4da71f949d5	79a9b01bb3fc7b7d24e592e68ec56d05daf7b7a8
42cfa4175b800cac855a56a6b369284d90bc7071	12eadf69e096980c24c45441f6e94a2362178f09
c56c4027b54e2321215ed79aae3a7905a787a499	ea1f29aa17dad0bff3203ff36d50ad3fd142cf20
30ae72b1e0f1031a21cf36786d03516e383e71ab	56d39c8fc7855aa6e7dccc2555dca7ba8104ce86
79f434724e7cf3bb5ef528744e0f389e55d6d46b	79bfbc7dfb2fd26b46b1f1f59ba73a63ad21d862
7439eced2170ca6621441571cfa5c7f4da5f1e03	0d7bc39616bd2d2143892e62267632e6df9ffdef
721ed2d07e958971507f16d3d394c026fcb098aa	22f6eda9f11eadf42a04b364862800900e247719
99f303fa9528b092c2ee34d39d87150f39dd4a1c	71101b552e78f60617e9c5e0e89213d927a4bb15
b6d0fb71477c9eb2149fe6988c21e10069fbb8dd	a72a73140b9e6011d9e173b8173dacc98f933a0e
2022f069fa812386a201354ff2b2add93c63539b	9bee6be4ad43516eef68b62aa52a595aceae5376
403f62b9d164a3b7b3cf378f6d76b6c13150ba89	111861bfeac0ea8d31943ec7b5811bffb7692b1b
e487e8f3179c41a3a8592bebf4314519c511c627	77bf773294f82f1d9abfa7e0049b59ff3e22aad7
06303b8e4bfa4f975499cdea10aa04cccf109ff4	f1b1f04b88529732ac010747ec7a27bad5dd16b7
7950834f3ccf36f4eab4e4e2684d83dd59428feb	154452fda608d8d5a9a27df8033a480db85af403
7eb8a2198213bb63ec229f066586169530f54569	382c8129d09cc9238ef06b1897b6688e32834d31
338ec2e1ad86a082c709e62e180aac7489e3f5e0	493de29a9f6b6b52016fe26d1a5d018863b9c12f
f9c64cae124e10cc6c26ebef089a23030250b9fe	0c2d77cef9a3cc29cf6277db6014e68e4d7ccf33
d2b087ba1c6030f860d7e44d5d378307ac3edd15	2cc8527d1acfe69bba8ba5c40088935396441fe4
06e4346d7d08c269f0ec0ee17de2668f9686fa03	656d314cf5e6ef259aa7edf9ba11e19435501a24
eefddd6571c4917c7639f7a4646bc9d79b6e016f	a12f7f17ba556487774383099aabafa2e60d682a
e5a9bc864826689b8e2306476576f997aa0e77ad	e9640fc864f3fb48bfa19a835e31036cb99e6fcb
d4ee28eacfad6a422b02aa2c70ec8cd65aca781a	79c3376d75f435a1dd536f2ac93e1c63465fe224
e5be09f59356ce4e847a3892a34cef2413edce2b	a23e5edd3890c1ef442bf1f60c700deca45a3557
41957fcf7b4aedd7ac95cbcf988ea2b004466d72	a4d6de4f3feafde6b0ce759c3ab1a5e1dbc86ba8
6d19759c6e4ebb87a78464b70a2ff9c5a29bd26b	663eb8849b4392d12ed18b348d0e38091d984038
a88e2460a9aa7bec1b37991de7e5e0952b64f262	0ad087bd59e94468dcb29de10453c7d52d28584a
7d6d7a1ba7361a746035d7c0597757dd65e2f959	9216dadd22e621a1b0928bc1927e0dff1ea6aa55
42184e75b27d5a9054e8e7897e72decee32bf647	cdd092dfeeef65f96eb1af44efa3a031ed37cd0d
0a8259f289814ec774efba423c085a67a387bb7b	1e495feeedfefd66c7a5887c50d3134f8cad4ac9
75aa1e6d7213a20bb57d350082a9117cd0280930	a437c945d39c723aaa2ddcc4fa55d79632beca70
d7e15d81ead20b0210b06f9fa122dbdb67dfbe00	bed3273693525ee052ee914f80edc6447ddbf3a2
51c02c018f6ab65f9cb00bc7de397ddcf74e66b1	364c669422cd45cf05fc8969e9a98e2fcb016c8f
a5c6a3064ffa0c6e8f97aaeb2f1a61c6fab000d8	83c5f2f648b4dfe92420b27be30b14e1cf87b26c
4263431266f9bc13507c7c0590ad6ae902b0e54a	d4c03fc91156180d595b69d54acc54b28fc9da48
90cd62b0ceb94d44c016380bcd0cf25165b5af57	7703f5bf52b84b7c6c59ac18212d6e0d0b35091e
b95beb4d7de5001221c17e253aaf3d9a795631d1	4bd534b05448b294cf9e43b1eece25394755802a
3e8393285b6b681df478427301fb8aa96e0a4a32	81ffa4c903edb81eaf51ab688336e94d26462d15
127d5789bb3d4448c2d4ac73e8c55c775e76fc5b	60e4e3602a783a3081e419e9d69e88c9cd0f822c
93057aacd9b36c3c0719ccff451e52f4ee94cbae	3d47a777abafdfae7206eb78359dd362d3f08d81
f2e4e758874a59b948338601b5cb48744ebe186a	05c9ec72803cec4b8a5e3ff98bc05d15fcf0f135
72870f7ec9b3438470f2000369a4ce97dfc5cb8c	e0d625f9d7fc49cdf9583ac993ebad50cc6d8bf8
bea84431485c4f237470c093186f86bd8a91a33a	5609649fde31f392a2d0ccfa56c32fbf4bd16fca
25fbe7a0701223019e984cd3df30aa8fa6f55365	e1d0f7d83beee1b0cb842a271a6c3ac86c06b493
f60f016e5e0a4bdf3544447389514dd7cb8de75c	3ac525645f84452019013301961e4eef6b19d3e1
de89a1ecb29a6a09a8f1d96af19419f3c3187b81	423109934363d42b64eb7f607e44d310a4938c81
2b70f832029bfda289e4168721d44d8f4c36f587	b0e107bc046c9183a4cf2db1d0ec77e8d9c27933
dbe44559ffa28cd928af92c289c0d895cde1a001	2f26f1505d7467b7c58a235427ccd6012e9298bb
b450c7612b1470df984f3921d042449c267069d6	b5f634f931eff8781333ea1e0af1632b92bc6727
2c8ec8b09ba85af4be4d1ba56da26a1a1bcaca38	23afa702158580883c4c12ee222157cfca591abb
ee6c78b7a648b2621fc14adb44108c8631a64e94	c8b0e01c89d55ab0d3ff92117966b3b31a2bc235
3b74eb7afca43289ec2d72f5578b8e9eb4fc8014	1e15f0f671e3eafc5e5a434eb80dd9401df56a0c
29517568c5d393e8c01ecdcd951e7020dface144	034362ce070085be6573a8a847ca01a37486a57e
67c067e6cb4792689672b0add8c8155afb43771f	b0036746948ffa230d922f218c3b7fa2c809e1ae
820dc43a2b80a8b35062c4dcfc1e82576d8aae4c	48a7a73442c92d37b09a82a87d9a4ef243996f69
c7b483e38673e6dace49df0987d8ed902605183d	ae0e9b5a026bd3ef7304b08966cbb4461571c417
87c94d25d063071f39e523edc709f338aeac1aeb	9dc9ade9b67be683b6162f90607f68100c08b870
c36af20621241fc301ab3f5c3a81007b2b5294d2	2127666d89c2c9627f92476c60f315e7f75c5fec
685e61157e397c4d71fdb6977df176ef741549ce	7309c46e7c05059a13243b18cc53a2600c8b0753
9fb413ef1156cc34b39fd1ae9252afe8e0a60591	cff2b5e334ed7018081e9c1e9f5b5f05d4741fa3
bf9afb376455d5075f202d6caa6b6ab3836a97ab	46da7f3dad271ee34606722d46538d29f3b0cbad
69eb8e4bfcf634971895133c0a7b9628eeb163ae	6949cb9784a9b9f64dac7ccdd53bbbdeba3ed322
cb08e9348db7209c3f4e6691d54aa43865eaab47	7a5a3dbd3224b17ec0530ffa4ab15f855cb38adf
df3f055de048c3f71977f49139f30dc6014ca0da	456ea4a1509bc55468d933058d3482652ad63d01
ce2f009c9faf62b540c90b5c3820dda4c1203c68	956aa63548c8cc1be92cc453707711a29be10dcb
babedea9db2d98f8d6dfe9f67182ab48c6154db8	cd97d627700e91f86df02d9fdba72599fc520512
39a484d446d6c24a3b664cd8706417a8dbdc63e8	473c4b32bda1fc65ac319cf89b96ce55c04ee967
cd657cfde6e7dd2009ffbcf159076126fca1ce2b	018ade4e875e22e731ac3d775381d6e706b509bc
00cc17c17071cdca964f61e3b9cc987e2f976239	6e45612b540b888315bc99a83543fbf185d42a8f
d37c20df2401b6c30660882540f11d91d848b466	cd5c073fc3f7cea1df270da68ec9d37c4408f411
e22a8cafb35efdfd2c6e4aabd83200f358b69c6d	7746eaed7f4e43967d8a1fe2cddf89e16ef3c8d2
06aeaa614c021f950865ba3f8d6527dfb23695f3	7d708d1c9d0f4f1ffa2a2c4451533aeaf7037e65
bedf5a689f1d8d40efbc58b97746eac6da196cc9	586a41143eca7ebb4bde9e4cb75eea7a682994a6
113639ba13fa63552eed944d56c1d6be0b8fe98a	a1b4e6224a3852be155e731f678dd79c72c210d6
10983abdf87848d2a88efd2ceed800165d81c8ec	d9abb6ba3204b90947c10f71eea563363d6be0d2
97b3b059ca6b448c48a30a2feecb2721aae21f04	58011852c2f92719110bcfff42432dd55b917816
3dd15efd369d1fe83c5ef0eb877c4b51fb364e28	bbf0b493bcf9213136e2aefad68721075883fdb3
a732deea2db9789dbf0a4503ade01d446d445c68	4f1692c55d4d79bd92d8f08ccbb5ff560d7cfdb9
07b3853ebb5d23b80475cb609b95d8974494cac3	5414febf7fe07d94650acf714d78cfafa6eeee0b
a19b601a1c7e0097a73e1254abf43395e6bbeffc	72bdd98f1a8b1da0e1aaa7e9a9068939dc0eaa81
e711ed93de08ad77565b3f202435f013bd9b9cac	9dc5e6ef604152073c99912a834dd8bbf8ec528d
4521a8ec1238cab45861fabb6e57108c1556c58d	2b2ce7a936b59fc1b26dd523b040defb1947c53f
f9bcd390c95ef1b34e4159473def7fc2b1db21ae	a18424dcf1b427f52487ba9f12399d8d897b747a
c8081177d49187c5d03b58561ba043871bf8e041	ea975719dfcdc191eb3f70dcc3a1ded8feacc2a1
c4154ef06055ab04223162fd9fca7e004e92afe1	b3fff6d0bd054daa088e0f9dd800597ff1889369
0be74303d7d98215675e460bdc2736cbf570a04f	5216b872794e023c3bf73bd500ecc46db35be65f
ac9960343ad4adb8dd17cee9755f839c1f0585db	8a9b9ede00bc43ebcfecb798733abd458d45420e
690c7f97f7646e42ef7550fe05ca49ce5339a1e2	6f7d8e6d2863416f81f5d9c7328da3c249ecb31f
f5b3a323792eac76eced73805786b0c89f59b343	4cf225827f6ad167030557d2bc04e99a4d74c46a
1fc1315bff5862966187c9b33f667df509279122	6773f9b303dd0e41a67d43a20edc17b8b2ac9525
bb79c04e87d6b3ff40bdbd81b60912d2cee53314	08c691670e9287a343dfef575c0eeb5e8e694acd
1a1645f875f9167fd052a748fb83efd6feade940	7ac26555352017eb81a3dcd5cb3818bb4dc5efc2
80809a74b8b9fa95c9b7e839c9c824662dce9408	fa004e99fd6c43b50e692e90c01d686cf15554b0
7fe348124cde5bcb81871c208a2c28303db4879c	8f1a698a762111291f8dde926a76dcaf0fd5c282
b73c648956524ff63c61875e5ba7e7e0c830d4ed	79c01720c3af02b5bc37ab3005e09d909dde693a
a1da13e46cfdbcf63e5a0409d4fb371c6afc4c21	9cfd74ba2a2807a22f0c74a12094a93217e9d40d
f4279902097a1f6515fd13504c86f0a731cfeca7	78ebd2807fb7bb4626959d232f20d5e03854c4cd
b723efb500e2cacac2123f61038f040854e902db	2ebe0232b0383930b03b8a1e00b50ec33262a5ba
1fda352a8fa08a6b91c52fb9794d9f274b8c4bab	2914d1200a7b6873142078cbfe327a5b4f7ca4ec
5eda02620df4aa994fcd2167b4b2ab6c05f84d56	dcbde1892bf16397ca0e2e6725313f9a1a56676a
b9da562f2a2334cff144ba815a52d5d82070d764	c40c1a3ce777da5135f1cf7c8b4b1f653f12c9cb
1b2366e42f4c0fdfab86f8b6f6b4c413078c58f8	77844b32d836e309bdc1c59766d78e7a615c08c8
1d13cd2ddc36cc6ff9bd79cae83945eb98355a3f	e8f0e863ce441075b24b00e868e0a3af6bffac53
184c8791e666137b06b974d762daa6c94d731257	eb1c897a6ab5d3f6bbe0f47d7ae1f59f82695a5c
b3ec0192047a864f4c2e29ad658a31274d319122	f477d755c858995dde918fc8f01659059d13a76e
e8d30a90d001a80d2898fba92b1c6af3a76a8a07	d02c5b1536fe3ece042c107c642b2d8b77886c3f
df1606efd576e72b067aaec6fe3c3435af02c0bb	db2260055574d6969a932300b12aefd694fb8d58
c4d816abdb8103e07468afb75ea99c854540e12c	0c06ad075b382e0eae098add99fd290113ef1d19
24989d3acc00bd7b056252eb95ff2becd0fff83a	5b38e8c42bc42c1f1930dd7ec11c1c6d172322a8
b7ffe83c37c1ab281aee483d2d4153d9aeeef802	841d1145165aea4fe453f1a6f89664142de1b3bb
5bd1358b6340eaa7fa42e7fd9a05eb584b2f46d4	4c31a56ec767ce97e608b1aa8099ce611fa861eb
d645ccfc7c7085800ae9cff73bbb53b069eb3397	ffa4590cfec15f35a383ba28ba537bf48fedaa66
bd68cf91908db708cb9bcd1f5852f017a51c8502	7a2615998972ec91cf0d01f5f4f1465fd71e06a3
d234016c51e11238dcd9858cc0bd8dfbdee69775	df2a2e7c90a93323c3b844b1235754e056814d3e
b661cf0985bd910171d4e8567d5b847d443fcdbd	395dc1e4baa8e1a0fe07486a337f310e619392eb
91444b6a9ac331cfdfa5e2f74f3a8c6177d60a38	a55844b221cc6f823f670f56ea1dc612a0642f00
769d114b30f34ae9909419c3123fdfc8ac938628	b1fc78224ffc01e004facefe34760ed656b9fd97
1ebeb797b983512d5e7fdded7afb0ac473a9401d	e41c62ce5966ed05e1f40ab7e2d55108d698601f
78e3cc93618a9990ffc22664806e407bdce907c8	5303fd89b904c8c25a1335ec8a739b69c8e4c55f
64919b140a1d23020e89b3ae2e674bf7d0c86e82	0dc4df5c719336bc99e27c15892c39da9e3830ee
faa756b5e67bd3731ce33cb4c44e2bd16be5e1d5	80a65362b51bcf0c33ca100c01599a8746519e27
9b560978aed962d15a5ac883568cef976ad2ac03	bde2e0a11b49435dedb450d71e80e81fb70b2f18
c592a4e1aac327b00033ffe5abc514c96953943d	ab84e23379182806d08d4c5e8ad4128ec57ce2b0
13d19fbbd10b4f5936c64e8992aae901596df8f6	9343fd1a8df258817f5e18b709e1155f7e77ba58
f6a476d1c274084c65cd2a2e4630a41237c04e4f	fd37234cbca18feb126639ef75bbc379b74ebc60
2ad6c395330c5ebf8f3be9e8e96d8a2dd7459544	29e789b7d578164a0291e1439dd0102f5660a8b2
49f70d980d986e16c9d4891610a83d19c99e7c83	a80c16c63927490cc777cbb75b9f16dbafd65c7a
caa38eda677d57b77c82063c891d68be98b914e3	ace35d544e4e4e6c331e3a8600d35992212866ed
ae8f41b052aa5fc24cc2d8cf4f5f74b34892c90a	9b219d4aa4e31a7af4a877672441c7916dd169be
36821913ecf7d1f68243a78b8deac15cc3a48d0e	fadce277ec92fe4dda02a225af02804343ee4700
069f1628a615332fabfe3b650330d5f80907bb14	cabd98ded73c1839ea70dddffee83a65fb0476a6
6b72cfbd24395398e41454dbac12d75d62225826	4d0eeb443fafbbbaab72016d40b9eafbfb61a4d7
74709e1755a728d3f4d3e5fbbb3f3c6a2066c5e7	a1c5d0b7871fcebf27b30110a8cb9421fbb3c7ff
60460769ee9ac8ca2d341371cc60e9d60e43f10b	f6a320d5bf082a5658e89e3df6cdc3d965f89787
d198f04d7a2d38a91a0b86d9379fa77f38962513	ce3c040387ff0d407078b97c7af5fafd9b25f7c3
8aa85d3c80edf1a2fe12dc75943647f966c0d6e9	4de36c372439fea17fc547b796fd25a2d7db9e86
99e9648951a11a99926ba1e87576e1281bb358e3	784f96c7b21a499d8abc6e7b1f8af2df45c17044
0b0fb11d7dcb4b90df4372567209814e7bc64d8d	45cd058936b2f87bbdbe0305d32baa7485ea2809
1353257c50391bcd105a3ad9156948d17dcc772e	1628e5c055a1da38eff6cfcec7576e07d503ce4b
b76a0492c550cc40a23e71bd6cda3cd04b6958ec	a25e640fd695a782a5b9fbc5df75125f29babff6
7d58f456a29b67701ac1720d8d5800bf33c7b765	6704f2038198457b1c35943f43b7930cf61efe35
516f46a6c899012829d0c55fc78ab4d8f4a03ac8	4948d9cdaf102561e5cb2e8bb28042fe8be1c5aa
7466c5dbff0ff94020bca993ecc6f910e3c90678	f1e72271723baa33fdb611da449118051274d205
fc1ecbca083c6f7d14f26b939f3448313086f017	7f73aaa300831455ac5600f90b89adb260260d5b
23ed4ee7530fb40bc79daa7f43a874d0bb837553	7511330ac13cdeb9b5b09a3ad376daa89e666148
8bc9ac7420c149693f262b15c8fdcd2b85d2b393	983b3614bf53365db3ac252a3eac07c7460b2918
8c5a022cb4e6b7410b8ccdebc23ae517a6cd508f	ff1c3221b832563ffd3af1744de17ec3fe56d217
25772857676d99b5e3d9937f4b2587d5289106cf	eccd84810ff22f07770d313798aee9d5a7be1d7b
08a3706d21d7759a77f31b2db81a0bc9c4d55d68	7bb7ad3886fb243a82bfdccc25049f4804d0cb21
6baa79d44aaa1ffd429d7251831b9886fec6582f	27db6ea7ee174b940e6b824cde76e82821561e9e
778f5b406490d672d762b6deb6f177bf0df23893	ce808138401f42c702c32e88968fbf97aa8c2905
a5111e30719989e724c92944b47c2829795b01cd	8b210c3def9b9303e7134b73c9bc0093dfb59781
1f719a0292dcd7209153b5cf04859b1ec4ca5b47	5e42d4577104b90806e7b572fdf53b46c5e991f7
990e5ca8e6182726aa0cc87a7239e56710f492c6	86f89b66636861f4d411ec497d2e00e1bf87a6b8
