model,arm,runs,Sharpe,return/yr,volatility,CVaR-5%,max DD,Sortino,Calmar,turnover,Sharpe gross,hit rate,skew,kurtosis,holdings,crash rate
opus_5,distributional,30,1.0527,0.1257,0.1187,-0.0164,-0.1756,1.0481,0.7313,0.057,1.1733,0.5391,-0.1149,6.688,11.4754,0.0
opus_5,scalar,30,1.1354,0.1614,0.1414,-0.0195,-0.2013,1.1408,0.8205,0.0284,1.186,0.5397,-0.0386,7.3743,10.8581,0.0
opus_5,scalar_cvar5,30,1.1558,0.158,0.1355,-0.0187,-0.1851,1.1642,0.87,0.0214,1.1951,0.5402,-0.0248,7.5045,11.0932,0.0
opus_5,placebo,30,1.1454,0.1522,0.1327,-0.0183,-0.1893,1.1485,0.8304,0.0129,1.17,0.5405,-0.0715,7.2116,11.9438,0.0
opus_5,placebo_shuffled,30,1.1047,0.1542,0.139,-0.0192,-0.204,1.1129,0.7746,0.0328,1.164,0.537,-0.0199,7.3483,11.5398,0.0
deepseek_v4_pro,distributional,30,1.1627,0.1651,0.1414,-0.0195,-0.1987,1.1695,0.8488,0.0103,1.1812,0.5397,-0.0586,7.2296,11.0911,0.0
deepseek_v4_pro,scalar,30,1.1781,0.1656,0.1402,-0.0194,-0.1968,1.1867,0.8569,0.0076,1.1917,0.5396,-0.0486,7.3952,12.6845,0.0
deepseek_v4_pro,scalar_cvar5,30,1.1701,0.1638,0.1398,-0.0194,-0.2003,1.1795,0.8334,0.0141,1.1954,0.5391,-0.0395,7.3706,13.6542,0.0
deepseek_v4_pro,placebo,30,1.1555,0.1627,0.1406,-0.0195,-0.1954,1.1641,0.8588,0.0073,1.1687,0.5392,-0.0433,7.522,13.5262,0.0
deepseek_v4_pro,placebo_shuffled,30,1.1181,0.1575,0.1405,-0.0195,-0.1976,1.1229,0.8275,0.0211,1.1556,0.5387,-0.064,7.3148,11.2027,0.0
gemini_2_5_flash,distributional,30,-0.2162,-0.0424,0.1996,-0.0289,-0.557,-0.2157,-0.0612,0.8891,0.9096,0.475,0.4031,14.186,3.5746,0.0
gemini_2_5_flash,scalar,30,0.7988,0.1224,0.1513,-0.0212,-0.2549,0.8008,0.4927,0.2161,1.1615,0.5285,-0.0505,7.1786,9.8382,0.0
gemini_2_5_flash,scalar_cvar5,30,1.0337,0.1272,0.1224,-0.0168,-0.1814,1.0378,0.7145,0.0318,1.099,0.5358,-0.0514,6.6337,10.2052,0.0
gemini_2_5_flash,placebo,30,0.796,0.1207,0.151,-0.021,-0.2335,0.8088,0.5384,0.1858,1.1086,0.5268,0.1896,10.4609,9.5738,0.0
gemini_2_5_flash,placebo_shuffled,30,0.4949,0.0748,0.1477,-0.0209,-0.275,0.4959,0.2882,0.3659,1.1218,0.5183,-0.0331,7.2731,9.9399,0.0
glm_5_2,distributional,30,0.6516,0.1001,0.1503,-0.0212,-0.2758,0.6563,0.4195,0.2858,1.1433,0.5226,-0.0518,7.1784,9.7767,0.0
glm_5_2,scalar,30,0.4442,0.0674,0.1495,-0.0213,-0.2874,0.4444,0.2806,0.4052,1.1295,0.5156,-0.0737,7.5174,8.9049,0.0
glm_5_2,scalar_cvar5,30,1.2135,0.1706,0.1404,-0.0195,-0.1986,1.2243,0.8725,0.0095,1.2305,0.5391,-0.0513,7.6237,13.4989,0.0
glm_5_2,placebo,30,1.1534,0.1629,0.141,-0.0196,-0.199,1.1614,0.8401,0.0067,1.1654,0.5379,-0.0737,7.4197,13.0423,0.0
glm_5_2,placebo_shuffled,30,0.7864,0.1135,0.1448,-0.0203,-0.2541,0.7887,0.4731,0.1969,1.1224,0.528,-0.0289,7.2464,9.6273,0.0
gpt_5_6_luna,distributional,30,0.8818,0.1187,0.1355,-0.0188,-0.2113,0.889,0.5931,0.1407,1.1374,0.5334,0.0876,10.2439,10.1098,0.0
gpt_5_6_luna,scalar,30,1.1286,0.1812,0.1605,-0.0224,-0.2301,1.1373,0.798,0.0136,1.1496,0.5375,-0.0304,8.1949,12.225,0.0
gpt_5_6_luna,scalar_cvar5,30,1.133,0.1465,0.1292,-0.0177,-0.1841,1.1422,0.8172,0.0154,1.1627,0.5387,-0.0204,7.2891,10.7346,0.0
gpt_5_6_luna,placebo,30,1.1255,0.1622,0.1435,-0.0199,-0.1984,1.1312,0.8308,0.0235,1.169,0.5391,-0.0554,7.4025,11.527,0.0
gpt_5_6_luna,placebo_shuffled,30,1.2014,0.1586,0.1316,-0.0183,-0.1876,1.2087,0.8576,0.0204,1.2402,0.5408,-0.058,7.454,16.4576,0.0
haiku_4_5,distributional,30,1.1716,0.1644,0.1404,-0.0195,-0.1913,1.1801,0.8837,0.0076,1.1853,0.5393,-0.0623,7.5816,13.8278,0.0
haiku_4_5,scalar,30,0.9628,0.1214,0.1252,-0.0172,-0.1933,0.9647,0.6371,0.0844,1.1325,0.5362,-0.0115,7.0307,10.7424,0.0
haiku_4_5,scalar_cvar5,30,1.0638,0.1475,0.1384,-0.0191,-0.1967,1.0712,0.7695,0.0451,1.1449,0.5367,-0.0337,7.366,10.907,0.0
haiku_4_5,placebo,30,1.2072,0.1671,0.1381,-0.0192,-0.1955,1.2147,0.8653,0.0093,1.2243,0.5402,-0.0606,7.5839,16.0807,0.0
haiku_4_5,placebo_shuffled,30,1.0781,0.1429,0.1322,-0.0182,-0.1945,1.0838,0.7555,0.0541,1.1814,0.5372,-0.0293,7.0274,11.9149,0.0
kimi_k3,distributional,30,1.1586,0.1596,0.1371,-0.019,-0.1966,1.166,0.8259,0.0088,1.1748,0.5379,-0.0693,7.4829,13.3996,0.0
kimi_k3,scalar,30,1.1558,0.1623,0.1401,-0.0195,-0.1965,1.1607,0.8427,0.0129,1.1799,0.54,-0.0634,7.4507,12.7126,0.0
kimi_k3,scalar_cvar5,30,0.9543,0.1383,0.1444,-0.0201,-0.2217,0.9558,0.6472,0.1177,1.1626,0.5348,-0.0662,7.7747,10.2104,0.0
kimi_k3,placebo,30,1.1644,0.1585,0.1356,-0.0188,-0.1915,1.1719,0.8409,0.0106,1.184,0.5391,-0.0611,7.621,13.8139,0.0
kimi_k3,placebo_shuffled,30,1.0195,0.1403,0.1376,-0.0193,-0.2071,1.0232,0.6904,0.0854,1.1768,0.5357,-0.0249,8.3052,14.2458,0.0
nemotron_3_super,distributional,30,0.6434,0.0872,0.1355,-0.0191,-0.2343,0.6437,0.404,0.303,1.2081,0.5235,-0.0529,7.6123,12.8398,0.0
nemotron_3_super,scalar,30,0.5832,0.0903,0.1521,-0.0215,-0.2667,0.584,0.3577,0.3718,1.2089,0.5224,-0.078,7.5491,7.7956,0.0
nemotron_3_super,scalar_cvar5,30,1.1191,0.1581,0.141,-0.0195,-0.1978,1.1272,0.8385,0.0167,1.1502,0.5369,-0.0438,7.6938,10.6691,0.0
nemotron_3_super,placebo,30,1.1712,0.1619,0.1377,-0.019,-0.1898,1.1765,0.8713,0.0065,1.183,0.5419,-0.0444,7.3446,11.4486,0.0
nemotron_3_super,placebo_shuffled,30,0.713,0.1074,0.1492,-0.021,-0.2594,0.715,0.4358,0.2741,1.1817,0.525,-0.0587,8.4219,9.9962,0.0
qwen3_5_9b,distributional,30,-0.2582,-0.0421,0.1613,-0.0233,-0.4902,-0.2572,-0.0775,0.8296,1.0405,0.4912,0.174,9.6297,6.1827,0.0785
qwen3_5_9b,scalar,30,0.5006,0.0696,0.1386,-0.0198,-0.263,0.5002,0.2864,0.396,1.2214,0.5174,-0.068,7.976,15.3864,0.0
qwen3_5_9b,scalar_cvar5,30,1.2131,0.1617,0.1334,-0.0188,-0.1984,1.2193,0.8206,0.0364,1.2814,0.539,-0.1026,8.1305,29.9768,0.0
qwen3_5_9b,placebo,30,1.2087,0.1668,0.1378,-0.0192,-0.1944,1.2158,0.8677,0.0059,1.2194,0.5407,-0.0613,7.7289,17.6669,0.0
qwen3_5_9b,placebo_shuffled,30,0.0579,0.0095,0.1519,-0.0218,-0.3725,0.059,0.0348,0.632,1.112,0.5041,-0.0165,7.1108,8.3507,0.0908
qwen3_6_27b,distributional,30,1.1161,0.158,0.1415,-0.0196,-0.2018,1.1235,0.813,0.0328,1.1712,0.5371,-0.0648,7.4415,12.3949,0.0
qwen3_6_27b,scalar,30,1.0703,0.1562,0.1457,-0.0202,-0.2152,1.0766,0.7467,0.0494,1.1596,0.5369,-0.0287,7.1653,9.9859,0.0
qwen3_6_27b,scalar_cvar5,30,1.0921,0.1374,0.1247,-0.0171,-0.1776,1.0986,0.7822,0.0171,1.1268,0.5365,-0.0598,6.6357,10.8924,0.0
qwen3_6_27b,placebo,30,1.1681,0.1594,0.1361,-0.019,-0.195,1.1747,0.8255,0.0209,1.2069,0.5388,-0.0725,7.6655,16.8562,0.0
qwen3_6_27b,placebo_shuffled,30,1.0253,0.1455,0.1415,-0.0196,-0.2131,1.029,0.7106,0.1018,1.2063,0.5355,-0.0512,7.5469,10.9994,0.0
sonnet_5,distributional,30,1.0986,0.153,0.1389,-0.0193,-0.2036,1.1067,0.7639,0.0475,1.1861,0.5359,-0.0512,7.291,11.3188,0.0
sonnet_5,scalar,30,1.1671,0.1628,0.1389,-0.0193,-0.1919,1.1745,0.8604,0.0109,1.1868,0.5386,-0.0653,7.4391,13.0719,0.0
sonnet_5,scalar_cvar5,30,0.9142,0.1019,0.1105,-0.0151,-0.1613,0.9213,0.6442,0.0394,1.0051,0.5322,0.0326,6.646,9.0245,0.0
sonnet_5,placebo,30,1.0981,0.1546,0.1405,-0.0195,-0.1941,1.1058,0.8162,0.0177,1.1299,0.5369,-0.042,7.617,11.4282,0.0
sonnet_5,placebo_shuffled,30,0.3575,0.0527,0.1533,-0.022,-0.3324,0.3593,0.2648,0.4501,1.0897,0.5118,-0.0229,8.04,11.1751,0.0
